id,symbol,side,entry_rsi,volume_ratio,entry_time,exit_time,exit_reason,pnl_pct,pnl_amount,source,created_at,entry_price,exit_price,quantity,hold_minutes,entry_hour,day_of_week
108,SBIN,SHORT,73.08131653963977,1.4523534207561242,2026-06-18T14:00:00+05:30,2026-06-18T15:15:00+05:30,EOD square-off,0.047938638542665384,7.0,backtest,2026-06-18 15:16:27,,,,,,
181,INFY,LONG,23.69380139419802,7.413342775270907,2026-06-18T09:15:00+05:30,2026-06-18T15:15:00+05:30,EOD square-off,-0.2565690524639356,-37.69999999999823,backtest,2026-06-18 15:16:32,,,,,,
210,HDFCBANK,SHORT,73.45531718801959,1.6950577991527314,2026-06-18T09:30:00+05:30,2026-06-18T13:45:00+05:30,RSI mid-line exit,0.4572502348888164,65.69999999999959,backtest,2026-06-18 15:16:35,,,,,,
107,SBIN,SHORT,70.39318151514144,2.754085193516094,2026-06-17T15:15:00+05:30,2026-06-18T11:45:00+05:30,stop loss (-1.56%),-1.5586945932781295,-224.0,backtest,2026-06-18 15:16:27,,,,,,
143,TCS,SHORT,81.2583125813871,4.869850812397174,2026-06-17T09:15:00+05:30,2026-06-17T15:15:00+05:30,EOD square-off,0.0,0.0,backtest,2026-06-18 15:16:30,,,,,,
180,INFY,SHORT,75.97169209421153,2.0949120546208024,2026-06-17T09:15:00+05:30,2026-06-17T15:15:00+05:30,EOD square-off,0.18994992229321753,26.400000000000546,backtest,2026-06-18 15:16:32,,,,,,
209,HDFCBANK,SHORT,70.57085602460282,1.109290398447968,2026-06-17T11:15:00+05:30,2026-06-17T14:15:00+05:30,RSI mid-line exit,0.7002712762601672,99.89999999999918,backtest,2026-06-18 15:16:35,,,,,,
76,RELIANCE,SHORT,73.3747602733579,1.2247850013484236,2026-06-16T10:15:00+05:30,2026-06-16T15:15:00+05:30,EOD square-off,-0.5981676383735794,-86.8999999999985,backtest,2026-06-18 15:16:25,,,,,,
142,TCS,SHORT,71.05329430305164,2.4395868418735818,2026-06-16T09:30:00+05:30,2026-06-16T15:15:00+05:30,EOD square-off,-0.3011910737918089,-39.599999999999454,backtest,2026-06-18 15:16:30,,,,,,
179,INFY,SHORT,70.80025686930338,1.4775312092773722,2026-06-16T10:15:00+05:30,2026-06-16T11:15:00+05:30,RSI mid-line exit,1.0361340879408003,154.70000000000118,backtest,2026-06-18 15:16:32,,,,,,
75,RELIANCE,SHORT,87.93516274706228,7.092405500602446,2026-06-15T09:15:00+05:30,2026-06-15T15:15:00+05:30,EOD square-off,0.44197211003581155,63.7999999999995,backtest,2026-06-18 15:16:25,,,,,,
178,INFY,SHORT,78.02476385251764,1.573134439647664,2026-06-15T10:45:00+05:30,2026-06-15T15:15:00+05:30,EOD square-off,0.9334380179708668,139.1000000000006,backtest,2026-06-18 15:16:32,,,,,,
106,SBIN,SHORT,78.08726523744177,4.175818630050742,2026-06-15T09:15:00+05:30,2026-06-15T15:00:00+05:30,RSI mid-line exit,0.8650014578676344,124.60000000000127,backtest,2026-06-18 15:16:27,,,,,,
208,HDFCBANK,SHORT,85.60186194481626,5.391589531571938,2026-06-15T09:15:00+05:30,2026-06-15T15:00:00+05:30,RSI mid-line exit,1.34027821889093,200.44999999999914,backtest,2026-06-18 15:16:35,,,,,,
141,TCS,SHORT,71.65875711427765,3.54166618765247,2026-06-15T09:15:00+05:30,2026-06-15T14:15:00+05:30,RSI mid-line exit,0.32669212717988144,42.60000000000218,backtest,2026-06-18 15:16:30,,,,,,
74,RELIANCE,SHORT,70.54597009289252,1.541259923624236,2026-06-12T13:45:00+05:30,2026-06-12T15:15:00+05:30,EOD square-off,-1.1626999609832298,-163.900000000001,backtest,2026-06-18 15:16:24,,,,,,
140,TCS,SHORT,71.49082321167248,1.181932113215153,2026-06-12T11:00:00+05:30,2026-06-12T15:15:00+05:30,EOD square-off,0.11093136122024919,14.400000000000546,backtest,2026-06-18 15:16:30,,,,,,
207,HDFCBANK,SHORT,72.52580805729778,1.4063914846663303,2026-06-12T13:30:00+05:30,2026-06-12T15:15:00+05:30,EOD square-off,-0.9019018364812876,-131.10000000000173,backtest,2026-06-18 15:16:35,,,,,,
139,TCS,LONG,22.93555977682837,2.9874196524505763,2026-06-11T09:15:00+05:30,2026-06-11T15:15:00+05:30,EOD square-off,0.6358327053504145,94.5,backtest,2026-06-18 15:16:30,,,,,,
177,INFY,LONG,10.109229022253217,3.216610639131852,2026-06-11T09:15:00+05:30,2026-06-11T15:15:00+05:30,EOD square-off,0.4666606838373908,67.60000000000059,backtest,2026-06-18 15:16:32,,,,,,
176,INFY,LONG,27.37626652889371,1.8243511732982283,2026-06-10T14:30:00+05:30,2026-06-10T15:15:00+05:30,EOD square-off,-0.26155187445510025,-39.0,backtest,2026-06-18 15:16:32,,,,,,
206,HDFCBANK,SHORT,74.75507280766661,1.556842859771205,2026-06-10T13:00:00+05:30,2026-06-10T15:15:00+05:30,EOD square-off,0.8091258787637648,115.90000000000043,backtest,2026-06-18 15:16:35,,,,,,
105,SBIN,SHORT,71.04121799259423,1.798568936202906,2026-06-10T09:15:00+05:30,2026-06-10T14:00:00+05:30,RSI mid-line exit,0.5202655831929441,73.5,backtest,2026-06-18 15:16:27,,,,,,
138,TCS,SHORT,71.16496167898127,1.1371513770273645,2026-06-10T09:45:00+05:30,2026-06-10T12:30:00+05:30,RSI mid-line exit,0.7263032086053223,94.80000000000109,backtest,2026-06-18 15:16:29,,,,,,
73,RELIANCE,SHORT,80.02254676608953,1.5569931316538785,2026-06-10T09:15:00+05:30,2026-06-10T12:00:00+05:30,RSI mid-line exit,1.3539651837524178,192.5,backtest,2026-06-18 15:16:24,,,,,,
104,SBIN,SHORT,74.39285118385703,2.312103524990259,2026-06-09T11:45:00+05:30,2026-06-09T15:15:00+05:30,EOD square-off,-0.6667000852173018,-99.74999999999966,backtest,2026-06-18 15:16:27,,,,,,
175,INFY,LONG,28.923277688556496,3.3051113448347467,2026-06-09T09:15:00+05:30,2026-06-09T14:45:00+05:30,RSI mid-line exit,0.16153715354530382,22.799999999998363,backtest,2026-06-18 15:16:32,,,,,,
72,RELIANCE,LONG,23.82894944134344,1.6098262965671328,2026-06-08T09:15:00+05:30,2026-06-08T15:15:00+05:30,EOD square-off,-0.9568627450980428,-134.2000000000005,backtest,2026-06-18 15:16:24,,,,,,
137,TCS,LONG,13.27626396932753,4.014509002533125,2026-06-08T09:15:00+05:30,2026-06-08T15:15:00+05:30,EOD square-off,-0.13009943313817152,-16.799999999998363,backtest,2026-06-18 15:16:29,,,,,,
205,HDFCBANK,LONG,27.65480964955293,3.6584807788196483,2026-06-08T09:15:00+05:30,2026-06-08T15:15:00+05:30,EOD square-off,-0.23656640757012504,-35.0,backtest,2026-06-18 15:16:35,,,,,,
174,INFY,LONG,20.86055347681919,2.659496281120877,2026-06-08T09:15:00+05:30,2026-06-08T10:30:00+05:30,RSI mid-line exit,1.5693926026467595,222.0,backtest,2026-06-18 15:16:32,,,,,,
136,TCS,LONG,27.513884446652412,1.331995842425299,2026-06-05T12:30:00+05:30,2026-06-05T15:15:00+05:30,EOD square-off,-0.5659950192438307,-75.0,backtest,2026-06-18 15:16:29,,,,,,
103,SBIN,SHORT,71.35854664369245,2.8384710617966062,2026-06-05T09:15:00+05:30,2026-06-05T10:30:00+05:30,RSI mid-line exit,1.0289421663541072,152.25000000000136,backtest,2026-06-18 15:16:27,,,,,,
102,SBIN,SHORT,73.25198800600278,1.1587186046944402,2026-06-04T09:15:00+05:30,2026-06-04T15:15:00+05:30,EOD square-off,-0.9223951355251,-134.25000000000068,backtest,2026-06-18 15:16:27,,,,,,
173,INFY,LONG,29.168919550106764,2.279323251490631,2026-06-04T09:15:00+05:30,2026-06-04T15:15:00+05:30,EOD square-off,-0.28975908601705436,-42.0,backtest,2026-06-18 15:16:32,,,,,,
101,SBIN,SHORT,75.7291938156385,1.7354505958088118,2026-06-03T15:00:00+05:30,2026-06-03T15:15:00+05:30,EOD square-off,-0.051493305870236865,-7.5,backtest,2026-06-18 15:16:27,,,,,,
135,TCS,LONG,20.061801264113043,1.25755129494921,2026-06-03T11:00:00+05:30,2026-06-03T15:15:00+05:30,EOD square-off,-0.04452359750667854,-6.0,backtest,2026-06-18 15:16:29,,,,,,
134,TCS,LONG,24.549229007496436,5.877778604844345,2026-06-03T09:15:00+05:30,2026-06-03T10:30:00+05:30,stop loss (-2.06%),-2.0607375271149677,-285.0,backtest,2026-06-18 15:16:29,,,,,,
133,TCS,SHORT,79.3542222309806,2.0651702565142425,2026-06-02T10:15:00+05:30,2026-06-02T15:15:00+05:30,EOD square-off,-1.4780160635919442,-214.1999999999989,backtest,2026-06-18 15:16:29,,,,,,
172,INFY,SHORT,83.54434658856276,1.5685078872736575,2026-06-02T10:30:00+05:30,2026-06-02T15:15:00+05:30,EOD square-off,0.39215686274509803,55.0,backtest,2026-06-18 15:16:32,,,,,,
71,RELIANCE,LONG,26.952423868306994,1.605730726451117,2026-06-02T10:45:00+05:30,2026-06-02T13:00:00+05:30,RSI mid-line exit,0.7494073564273116,107.7999999999995,backtest,2026-06-18 15:16:24,,,,,,
100,SBIN,LONG,29.905018034164854,1.1690976795489867,2026-06-02T12:15:00+05:30,2026-06-02T12:45:00+05:30,RSI mid-line exit,1.3925799936217613,196.49999999999864,backtest,2026-06-18 15:16:27,,,,,,
204,HDFCBANK,LONG,29.127883401797277,1.5713666237931194,2026-06-02T09:15:00+05:30,2026-06-02T10:45:00+05:30,RSI mid-line exit,1.2434599442821195,182.99999999999955,backtest,2026-06-18 15:16:34,,,,,,
171,INFY,SHORT,75.44846653025706,5.312624022300753,2026-06-02T09:15:00+05:30,2026-06-02T10:15:00+05:30,stop loss (-1.82%),-1.8237326263356668,-272.40000000000055,backtest,2026-06-18 15:16:32,,,,,,
132,TCS,SHORT,70.38724212330627,6.903985133397391,2026-06-02T09:15:00+05:30,2026-06-02T10:00:00+05:30,stop loss (-1.95%),-1.9534883720930156,-277.1999999999989,backtest,2026-06-18 15:16:29,,,,,,
70,RELIANCE,LONG,24.402235417820776,6.0386394976692745,2026-05-29T15:15:00+05:30,2026-06-01T15:15:00+05:30,EOD square-off,-0.12860276874196575,-18.7000000000005,backtest,2026-06-18 15:16:24,,,,,,
99,SBIN,LONG,25.318777981810044,1.0287800755044265,2026-06-01T14:15:00+05:30,2026-06-01T15:15:00+05:30,EOD square-off,0.4049860621679927,57.75000000000034,backtest,2026-06-18 15:16:27,,,,,,
131,TCS,LONG,28.20575496425208,14.663199740578616,2026-05-29T15:00:00+05:30,2026-05-29T15:15:00+05:30,EOD square-off,0.11982425775528414,16.19999999999891,backtest,2026-06-18 15:16:29,,,,,,
170,INFY,LONG,25.160694462988403,15.154881009484207,2026-05-29T15:00:00+05:30,2026-05-29T15:15:00+05:30,EOD square-off,-0.3618817852834584,-50.39999999999782,backtest,2026-06-18 15:16:32,,,,,,
203,HDFCBANK,LONG,21.082733397210333,2.677569284616625,2026-05-29T09:15:00+05:30,2026-05-29T15:15:00+05:30,EOD square-off,-0.5125815470643087,-73.15000000000043,backtest,2026-06-18 15:16:34,,,,,,
69,RELIANCE,LONG,27.7745715059108,1.5212713149240746,2026-05-29T10:15:00+05:30,2026-05-29T15:00:00+05:30,stop loss (-1.88%),-1.8811807569336143,-278.300000000002,backtest,2026-06-18 15:16:24,,,,,,
169,INFY,SHORT,80.7614960641075,7.315118151046586,2026-05-29T09:15:00+05:30,2026-05-29T14:00:00+05:30,RSI mid-line exit,0.4851932407562474,69.60000000000218,backtest,2026-06-18 15:16:32,,,,,,
130,TCS,SHORT,76.64355563542935,6.30310118858232,2026-05-29T09:15:00+05:30,2026-05-29T12:00:00+05:30,RSI mid-line exit,0.7183970225472761,99.59999999999945,backtest,2026-06-18 15:16:29,,,,,,
168,INFY,LONG,24.888227254811454,2.5385991275615547,2026-05-27T09:15:00+05:30,2026-05-27T15:15:00+05:30,RSI mid-line exit,0.22425392444366993,31.19999999999891,backtest,2026-06-18 15:16:32,,,,,,
202,HDFCBANK,LONG,20.670505294350107,5.868550711726484,2026-05-27T09:15:00+05:30,2026-05-27T15:15:00+05:30,EOD square-off,-0.8165665011758558,-118.75,backtest,2026-06-18 15:16:34,,,,,,
129,TCS,LONG,28.579450134926162,1.3621954067629345,2026-05-27T09:30:00+05:30,2026-05-27T15:00:00+05:30,RSI mid-line exit,0.43635401974610527,59.39999999999782,backtest,2026-06-18 15:16:29,,,,,,
128,TCS,LONG,29.040109378482597,1.1791461433934802,2026-05-26T11:30:00+05:30,2026-05-26T15:15:00+05:30,EOD square-off,-0.27538575862218506,-37.79999999999836,backtest,2026-06-18 15:16:29,,,,,,
98,SBIN,SHORT,81.35030516332895,5.02635565716761,2026-05-26T09:15:00+05:30,2026-05-26T12:30:00+05:30,RSI mid-line exit,0.7584298452393247,111.00000000000136,backtest,2026-06-18 15:16:27,,,,,,
201,HDFCBANK,SHORT,72.94345634863778,2.247215009031041,2026-05-26T09:15:00+05:30,2026-05-26T12:00:00+05:30,RSI mid-line exit,0.2855511136493432,42.75,backtest,2026-06-18 15:16:34,,,,,,
97,SBIN,SHORT,71.4696047668171,2.6664335060463418,2026-05-25T14:45:00+05:30,2026-05-25T15:15:00+05:30,EOD square-off,-0.5065123010130222,-73.49999999999966,backtest,2026-06-18 15:16:26,,,,,,
200,HDFCBANK,SHORT,77.20924306249954,4.486064432342862,2026-05-25T09:15:00+05:30,2026-05-25T15:15:00+05:30,EOD square-off,-0.30571301191008105,-45.60000000000173,backtest,2026-06-18 15:16:34,,,,,,
127,TCS,LONG,28.670312344738534,1.0429720904360944,2026-05-25T09:45:00+05:30,2026-05-25T11:00:00+05:30,RSI mid-line exit,0.801079716139148,110.40000000000055,backtest,2026-06-18 15:16:29,,,,,,
199,HDFCBANK,SHORT,74.56188439710252,1.6467364258781514,2026-05-22T10:00:00+05:30,2026-05-22T14:00:00+05:30,RSI mid-line exit,0.8722620662919169,128.25,backtest,2026-06-18 15:16:34,,,,,,
68,RELIANCE,SHORT,75.74136790407113,1.5085181347451353,2026-05-21T09:15:00+05:30,2026-05-21T10:45:00+05:30,RSI mid-line exit,0.6251838776110621,93.5,backtest,2026-06-18 15:16:24,,,,,,
67,RELIANCE,SHORT,71.80433915431163,1.5213258785407866,2026-05-20T11:30:00+05:30,2026-05-20T15:15:00+05:30,EOD square-off,-1.0398870979722201,-154.0,backtest,2026-06-18 15:16:24,,,,,,
167,INFY,SHORT,71.8542374671864,1.2771662680852898,2026-05-20T09:15:00+05:30,2026-05-20T15:15:00+05:30,RSI mid-line exit,0.8250687557296515,118.80000000000109,backtest,2026-06-18 15:16:31,,,,,,
198,HDFCBANK,LONG,29.40554147297898,1.0191229331234357,2026-05-20T09:15:00+05:30,2026-05-20T14:00:00+05:30,RSI mid-line exit,0.10530472554955304,15.199999999999136,backtest,2026-06-18 15:16:34,,,,,,
66,RELIANCE,LONG,26.678875761185992,4.132889269373326,2026-05-19T15:00:00+05:30,2026-05-19T15:15:00+05:30,EOD square-off,0.10594823671862141,15.3999999999985,backtest,2026-06-18 15:16:24,,,,,,
166,INFY,SHORT,89.9617418620677,2.0718861818933143,2026-05-19T09:30:00+05:30,2026-05-19T15:15:00+05:30,EOD square-off,-0.03351206434317116,-4.800000000001091,backtest,2026-06-18 15:16:31,,,,,,
126,TCS,SHORT,83.33551711018187,9.226047928877296,2026-05-19T09:15:00+05:30,2026-05-19T13:45:00+05:30,RSI mid-line exit,1.1098354381936433,156.59999999999945,backtest,2026-06-18 15:16:29,,,,,,
165,INFY,SHORT,71.45143099458176,2.4128462141600795,2026-05-18T15:15:00+05:30,2026-05-19T09:15:00+05:30,stop loss (-4.09%),-4.093924581005595,-609.7000000000012,backtest,2026-06-18 15:16:31,,,,,,
96,SBIN,LONG,17.656101151181318,1.3631108418109725,2026-05-18T09:15:00+05:30,2026-05-18T15:15:00+05:30,EOD square-off,-0.592969080897927,-84.00000000000034,backtest,2026-06-18 15:16:26,,,,,,
197,HDFCBANK,LONG,24.543476295717,2.1375758593937912,2026-05-18T09:15:00+05:30,2026-05-18T11:30:00+05:30,RSI mid-line exit,1.9602631404080004,280.25,backtest,2026-06-18 15:16:34,,,,,,
65,RELIANCE,LONG,29.714035063746422,1.3372640582198319,2026-05-15T09:30:00+05:30,2026-05-15T15:15:00+05:30,EOD square-off,-0.260707635009311,-38.5,backtest,2026-06-18 15:16:24,,,,,,
125,TCS,SHORT,72.6965614958988,2.7675729945370486,2026-05-15T09:15:00+05:30,2026-05-15T13:45:00+05:30,RSI mid-line exit,1.2394537705488387,171.0,backtest,2026-06-18 15:16:29,,,,,,
164,INFY,SHORT,73.45088307520973,2.4909018548501587,2026-05-15T09:15:00+05:30,2026-05-15T13:45:00+05:30,RSI mid-line exit,1.2743362831858487,187.20000000000118,backtest,2026-06-18 15:16:31,,,,,,
196,HDFCBANK,SHORT,70.106359482388,1.1940258548186586,2026-05-15T09:15:00+05:30,2026-05-15T13:30:00+05:30,RSI mid-line exit,0.9916192182202035,147.25,backtest,2026-06-18 15:16:34,,,,,,
163,INFY,LONG,19.535906764631733,1.3886735469148699,2026-05-14T11:15:00+05:30,2026-05-14T15:15:00+05:30,EOD square-off,-0.009139097057223215,-1.3000000000017735,backtest,2026-06-18 15:16:31,,,,,,
195,HDFCBANK,SHORT,72.83192100840087,2.744070573697483,2026-05-14T11:30:00+05:30,2026-05-14T15:15:00+05:30,EOD square-off,0.20733445639497505,30.400000000000432,backtest,2026-06-18 15:16:34,,,,,,
124,TCS,LONG,28.452945100980358,5.1762946852450265,2026-05-14T09:15:00+05:30,2026-05-14T12:00:00+05:30,stop loss (-1.55%),-1.5521064301552108,-210.0,backtest,2026-06-18 15:16:29,,,,,,
162,INFY,LONG,25.410628818642067,4.116875737646119,2026-05-14T09:15:00+05:30,2026-05-14T11:00:00+05:30,stop loss (-1.78%),-1.778496362166528,-257.3999999999994,backtest,2026-06-18 15:16:31,,,,,,
64,RELIANCE,LONG,28.40937946224129,1.6041263437207829,2026-05-12T15:15:00+05:30,2026-05-13T12:45:00+05:30,RSI mid-line exit,0.21953896816684962,30.0,backtest,2026-06-18 15:16:24,,,,,,
123,TCS,LONG,18.33841866457422,6.523065284496126,2026-05-12T09:15:00+05:30,2026-05-12T15:15:00+05:30,EOD square-off,-0.5096531766941726,-70.80000000000109,backtest,2026-06-18 15:16:29,,,,,,
161,INFY,LONG,11.422717988867234,4.872741511073259,2026-05-12T09:15:00+05:30,2026-05-12T15:15:00+05:30,EOD square-off,0.07024321713934098,10.399999999999409,backtest,2026-06-18 15:16:31,,,,,,
194,HDFCBANK,LONG,21.523531728772937,1.712517605324903,2026-05-12T09:15:00+05:30,2026-05-12T15:15:00+05:30,EOD square-off,-0.17188946185375573,-24.699999999999136,backtest,2026-06-18 15:16:34,,,,,,
63,RELIANCE,LONG,17.381095927010918,3.4477193064879583,2026-05-12T09:15:00+05:30,2026-05-12T15:00:00+05:30,stop loss (-1.53%),-1.5331212033555137,-212.00000000000045,backtest,2026-06-18 15:16:24,,,,,,
95,SBIN,LONG,29.40528751363425,1.3661319756881156,2026-05-12T09:15:00+05:30,2026-05-12T14:30:00+05:30,RSI mid-line exit,0.05123475765959627,7.5,backtest,2026-06-18 15:16:26,,,,,,
62,RELIANCE,LONG,29.913331122547064,1.3029052865417272,2026-05-11T12:30:00+05:30,2026-05-11T15:15:00+05:30,EOD square-off,-1.423183661851562,-200.0,backtest,2026-06-18 15:16:24,,,,,,
94,SBIN,LONG,22.31080518291968,1.5252660770254325,2026-05-11T14:45:00+05:30,2026-05-11T15:15:00+05:30,EOD square-off,-0.010256410256412588,-1.500000000000341,backtest,2026-06-18 15:16:26,,,,,,
193,HDFCBANK,LONG,26.698558996618686,2.1547547774998024,2026-05-11T09:15:00+05:30,2026-05-11T15:15:00+05:30,EOD square-off,-0.8732212160413971,-128.25,backtest,2026-06-18 15:16:34,,,,,,
93,SBIN,LONG,13.741143921422562,2.357823579776232,2026-05-11T09:15:00+05:30,2026-05-11T11:00:00+05:30,stop loss (-1.60%),-1.6024994960693502,-238.50000000000136,backtest,2026-06-18 15:16:26,,,,,,
92,SBIN,LONG,13.02766687686892,6.135726300039982,2026-05-08T14:15:00+05:30,2026-05-08T15:15:00+05:30,EOD square-off,-0.2546523016650365,-36.40000000000032,backtest,2026-06-18 15:16:26,,,,,,
160,INFY,SHORT,71.0765006053245,2.2608044785823385,2026-05-08T14:30:00+05:30,2026-05-08T15:15:00+05:30,EOD square-off,0.2368265245707481,33.599999999999454,backtest,2026-06-18 15:16:31,,,,,,
122,TCS,LONG,28.10648921347841,1.5519481863098297,2026-05-08T10:15:00+05:30,2026-05-08T14:30:00+05:30,RSI mid-line exit,0.40674270379066657,58.19999999999891,backtest,2026-06-18 15:16:29,,,,,,
91,SBIN,LONG,20.341624509344015,5.519803936527966,2026-05-08T13:45:00+05:30,2026-05-08T14:00:00+05:30,stop loss (-2.96%),-2.9562737642585573,-435.4000000000003,backtest,2026-06-18 15:16:26,,,,,,
90,SBIN,SHORT,74.81256433717145,1.9335027947953984,2026-05-07T09:15:00+05:30,2026-05-07T15:15:00+05:30,EOD square-off,0.31013408738482745,44.19999999999823,backtest,2026-06-18 15:16:26,,,,,,
192,HDFCBANK,SHORT,71.84163824093407,1.7704907032452444,2026-05-07T09:15:00+05:30,2026-05-07T15:15:00+05:30,EOD square-off,-0.22045855379188717,-31.5,backtest,2026-06-18 15:16:34,,,,,,
89,SBIN,SHORT,72.21358872396655,4.357199799191432,2026-05-06T14:15:00+05:30,2026-05-06T15:15:00+05:30,EOD square-off,-1.2250161186331356,-172.8999999999994,backtest,2026-06-18 15:16:26,,,,,,
191,HDFCBANK,SHORT,80.48669615476288,4.120775422380487,2026-05-06T14:15:00+05:30,2026-05-06T15:15:00+05:30,EOD square-off,-0.5050505050505051,-72.0,backtest,2026-06-18 15:16:34,,,,,,
159,INFY,SHORT,72.27645600074345,2.178574849438627,2026-05-06T09:15:00+05:30,2026-05-06T10:30:00+05:30,RSI mid-line exit,1.1691479518883077,166.8000000000011,backtest,2026-06-18 15:16:31,,,,,,
121,TCS,LONG,29.982028244934952,1.3244237437539725,2026-05-05T13:15:00+05:30,2026-05-05T15:15:00+05:30,EOD square-off,0.4464654816039761,64.80000000000109,backtest,2026-06-18 15:16:28,,,,,,
88,SBIN,LONG,26.84143808634873,1.404066443122129,2026-05-05T11:00:00+05:30,2026-05-05T13:00:00+05:30,RSI mid-line exit,0.8712121212121254,128.80000000000064,backtest,2026-06-18 15:16:26,,,,,,
61,RELIANCE,SHORT,72.70269036260213,1.658780158866429,2026-05-05T09:15:00+05:30,2026-05-05T10:30:00+05:30,RSI mid-line exit,0.8452624403544711,124.00000000000091,backtest,2026-06-18 15:16:23,,,,,,
60,RELIANCE,SHORT,71.4573619751634,1.4725367884126035,2026-05-04T12:30:00+05:30,2026-05-04T15:15:00+05:30,EOD square-off,-0.907840440165065,-132.00000000000045,backtest,2026-06-18 15:16:23,,,,,,
59,RELIANCE,SHORT,70.95510457913561,1.229469442967991,2026-04-30T14:30:00+05:30,2026-04-30T15:15:00+05:30,EOD square-off,-0.1394700139470014,-20.0,backtest,2026-06-18 15:16:23,,,,,,
87,SBIN,LONG,24.41941457334285,1.791549834422127,2026-04-30T09:15:00+05:30,2026-04-30T15:15:00+05:30,EOD square-off,-0.1350847773430264,-18.85000000000059,backtest,2026-06-18 15:16:26,,,,,,
158,INFY,SHORT,70.02609424062922,1.40165824998114,2026-04-30T13:30:00+05:30,2026-04-30T15:15:00+05:30,EOD square-off,0.39585614419271004,56.400000000000546,backtest,2026-06-18 15:16:31,,,,,,
190,HDFCBANK,LONG,17.16932849258258,3.2433722939995233,2026-04-30T09:15:00+05:30,2026-04-30T13:00:00+05:30,RSI mid-line exit,1.3621480026195125,197.59999999999957,backtest,2026-06-18 15:16:34,,,,,,
58,RELIANCE,SHORT,71.40268573434791,2.442503036307423,2026-04-29T15:00:00+05:30,2026-04-29T15:15:00+05:30,EOD square-off,-0.3438355203143703,-49.00000000000091,backtest,2026-06-18 15:16:23,,,,,,
57,RELIANCE,SHORT,70.75140838837032,1.3183821775297404,2026-04-29T09:15:00+05:30,2026-04-29T10:15:00+05:30,stop loss (-1.71%),-1.7130620985010707,-240.0,backtest,2026-06-18 15:16:23,,,,,,
56,RELIANCE,SHORT,71.01208946545002,1.0117779185402787,2026-04-28T09:30:00+05:30,2026-04-28T14:30:00+05:30,stop loss (-1.68%),-1.675078633603986,-229.0000000000009,backtest,2026-06-18 15:16:23,,,,,,
55,RELIANCE,SHORT,71.67831737618877,1.0893357239471562,2026-04-27T13:45:00+05:30,2026-04-27T15:15:00+05:30,EOD square-off,-1.0398996976178116,-155.099999999999,backtest,2026-06-18 15:16:23,,,,,,
86,SBIN,SHORT,70.06571181521603,1.2516133542710866,2026-04-27T09:15:00+05:30,2026-04-27T15:15:00+05:30,EOD square-off,-0.06749156355455568,-9.75,backtest,2026-06-18 15:16:26,,,,,,
54,RELIANCE,LONG,29.61592003647705,1.1127825206409963,2026-04-24T10:15:00+05:30,2026-04-24T15:15:00+05:30,EOD square-off,-0.3220250131056657,-47.2999999999995,backtest,2026-06-18 15:16:23,,,,,,
120,TCS,LONG,8.795092577176462,2.0912346621264604,2026-04-24T11:45:00+05:30,2026-04-24T15:15:00+05:30,EOD square-off,-0.3569057104913641,-51.599999999999454,backtest,2026-06-18 15:16:28,,,,,,
157,INFY,LONG,11.911390363148868,1.0928870743004204,2026-04-24T13:30:00+05:30,2026-04-24T15:15:00+05:30,EOD square-off,-0.43969307698940735,-61.20000000000164,backtest,2026-06-18 15:16:31,,,,,,
189,HDFCBANK,LONG,25.11596298089482,1.384012770102688,2026-04-24T09:15:00+05:30,2026-04-24T11:45:00+05:30,RSI mid-line exit,0.7626738447734469,113.05000000000086,backtest,2026-06-18 15:16:33,,,,,,
156,INFY,LONG,10.436542066680602,1.4876053780094773,2026-04-24T10:15:00+05:30,2026-04-24T11:30:00+05:30,stop loss (-1.54%),-1.5397559949516157,-219.59999999999945,backtest,2026-06-18 15:16:31,,,,,,
119,TCS,LONG,17.392158509720915,4.129380982148539,2026-04-24T09:15:00+05:30,2026-04-24T11:15:00+05:30,stop loss (-1.79%),-1.7901159736533612,-265.79999999999836,backtest,2026-06-18 15:16:28,,,,,,
155,INFY,LONG,15.194076521729542,6.438093987154624,2026-04-24T09:15:00+05:30,2026-04-24T10:00:00+05:30,stop loss (-1.91%),-1.9065698250247534,-277.1999999999989,backtest,2026-06-18 15:16:31,,,,,,
53,RELIANCE,LONG,25.70266427988588,1.422089113051719,2026-04-23T10:30:00+05:30,2026-04-23T15:15:00+05:30,EOD square-off,-0.215245305425656,-31.8999999999985,backtest,2026-06-18 15:16:23,,,,,,
85,SBIN,LONG,29.4379122174594,1.2903473924497137,2026-04-23T10:30:00+05:30,2026-04-23T15:15:00+05:30,RSI mid-line exit,-0.10491264881631991,-14.950000000001182,backtest,2026-06-18 15:16:26,,,,,,
154,INFY,LONG,29.46856798682613,2.0188419029098537,2026-04-23T09:15:00+05:30,2026-04-23T15:15:00+05:30,stop loss (-1.64%),-1.644841903545204,-226.6000000000015,backtest,2026-06-18 15:16:31,,,,,,
188,HDFCBANK,LONG,21.92498169387909,4.179185675665315,2026-04-23T09:15:00+05:30,2026-04-23T15:15:00+05:30,EOD square-off,-1.3341724354940243,-190.8000000000004,backtest,2026-06-18 15:16:33,,,,,,
118,TCS,LONG,16.803435141225705,2.071820170072355,2026-04-22T12:15:00+05:30,2026-04-22T15:15:00+05:30,EOD square-off,1.0965786745354493,137.5,backtest,2026-06-18 15:16:28,,,,,,
117,TCS,LONG,27.49698878042672,4.072254929059093,2026-04-22T09:15:00+05:30,2026-04-22T12:00:00+05:30,stop loss (-1.68%),-1.6792939154885573,-215.0,backtest,2026-06-18 15:16:28,,,,,,
153,INFY,LONG,22.188165483417322,5.4457576653778395,2026-04-22T09:15:00+05:30,2026-04-22T11:30:00+05:30,stop loss (-1.58%),-1.580100125156449,-222.2000000000005,backtest,2026-06-18 15:16:31,,,,,,
187,HDFCBANK,SHORT,73.65998978417309,1.0271704383494364,2026-04-21T12:00:00+05:30,2026-04-21T15:15:00+05:30,EOD square-off,-0.17271157167529944,-25.19999999999959,backtest,2026-06-18 15:16:33,,,,,,
84,SBIN,SHORT,84.56832801852642,1.7040910140067078,2026-04-20T11:00:00+05:30,2026-04-20T15:15:00+05:30,EOD square-off,0.973225097546747,141.04999999999882,backtest,2026-06-18 15:16:26,,,,,,
83,SBIN,SHORT,87.16541270094774,2.443561735704011,2026-04-20T09:15:00+05:30,2026-04-20T10:45:00+05:30,stop loss (-1.54%),-1.5446120298019264,-221.0,backtest,2026-06-18 15:16:26,,,,,,
186,HDFCBANK,LONG,25.028164675813372,4.818199495302424,2026-04-20T09:15:00+05:30,2026-04-20T10:15:00+05:30,RSI mid-line exit,0.6299609424215699,90.0,backtest,2026-06-18 15:16:33,,,,,,
52,RELIANCE,SHORT,70.0026868728379,1.6050638943580866,2026-04-16T15:15:00+05:30,2026-04-17T15:15:00+05:30,EOD square-off,-1.411694776729326,-209.0,backtest,2026-06-18 15:16:23,,,,,,
82,SBIN,SHORT,71.22613097346351,2.3930649847437406,2026-04-17T14:30:00+05:30,2026-04-17T15:15:00+05:30,EOD square-off,-0.046304871272457866,-6.5,backtest,2026-06-18 15:16:26,,,,,,
116,TCS,SHORT,81.2792568766335,3.5911096364836568,2026-04-16T09:15:00+05:30,2026-04-16T15:15:00+05:30,EOD square-off,0.5296323500985742,68.49999999999909,backtest,2026-06-18 15:16:28,,,,,,
185,HDFCBANK,LONG,28.862141878906,1.3505865915506643,2026-04-16T12:30:00+05:30,2026-04-16T15:15:00+05:30,EOD square-off,-0.3951577494825287,-56.69999999999959,backtest,2026-06-18 15:16:33,,,,,,
152,INFY,SHORT,79.59473150475151,5.014437365901146,2026-04-16T09:15:00+05:30,2026-04-16T13:00:00+05:30,RSI mid-line exit,1.1755840241145372,171.599999999999,backtest,2026-06-18 15:16:31,,,,,,
81,SBIN,SHORT,75.48650361162697,2.189327192951054,2026-04-15T09:15:00+05:30,2026-04-15T15:15:00+05:30,EOD square-off,1.1218318637181905,157.94999999999823,backtest,2026-06-18 15:16:25,,,,,,
115,TCS,SHORT,75.00918809093696,6.904510004979324,2026-04-15T09:15:00+05:30,2026-04-15T15:15:00+05:30,EOD square-off,-0.18051958245037142,-23.00000000000182,backtest,2026-06-18 15:16:28,,,,,,
151,INFY,SHORT,80.22843345597055,4.689225457894496,2026-04-15T09:15:00+05:30,2026-04-15T15:15:00+05:30,EOD square-off,0.9638005615845826,139.7000000000005,backtest,2026-06-18 15:16:30,,,,,,
51,RELIANCE,LONG,22.297420793760935,3.9241985625901084,2026-04-13T09:15:00+05:30,2026-04-13T15:15:00+05:30,EOD square-off,0.007610929294459932,1.0999999999989996,backtest,2026-06-18 15:16:23,,,,,,
114,TCS,LONG,29.85264748595401,1.524066992460858,2026-04-13T09:15:00+05:30,2026-04-13T15:15:00+05:30,EOD square-off,-0.523412650481137,-78.0,backtest,2026-06-18 15:16:28,,,,,,
150,INFY,LONG,24.857920138564296,1.8205627330545506,2026-04-13T09:15:00+05:30,2026-04-13T15:15:00+05:30,EOD square-off,0.47244094488188976,66.0,backtest,2026-06-18 15:16:30,,,,,,
184,HDFCBANK,LONG,24.50970820732236,3.459157998612767,2026-04-13T09:15:00+05:30,2026-04-13T13:45:00+05:30,RSI mid-line exit,0.9944891366314084,149.15000000000043,backtest,2026-06-18 15:16:33,,,,,,
80,SBIN,LONG,29.311780235603095,1.8662439001988744,2026-04-13T09:15:00+05:30,2026-04-13T12:00:00+05:30,RSI mid-line exit,1.2150433944069343,176.39999999999873,backtest,2026-06-18 15:16:25,,,,,,
79,SBIN,SHORT,70.60225320840236,1.0651990167509175,2026-04-10T13:45:00+05:30,2026-04-10T15:15:00+05:30,EOD square-off,0.07967380606457414,11.899999999998727,backtest,2026-06-18 15:16:25,,,,,,
113,TCS,LONG,25.607694700425682,3.2826135074564924,2026-04-10T09:30:00+05:30,2026-04-10T15:15:00+05:30,EOD square-off,0.5179282868525896,65.0,backtest,2026-06-18 15:16:28,,,,,,
149,INFY,LONG,26.13553587927707,4.1321978005829845,2026-04-10T09:15:00+05:30,2026-04-10T15:15:00+05:30,EOD square-off,-0.6997308727412463,-100.099999999999,backtest,2026-06-18 15:16:30,,,,,,
112,TCS,SHORT,70.95434491660889,1.687490441255429,2026-04-09T11:30:00+05:30,2026-04-09T14:15:00+05:30,RSI mid-line exit,0.49116293460184157,63.49999999999909,backtest,2026-06-18 15:16:28,,,,,,
148,INFY,LONG,28.381784431246018,1.4783267073149216,2026-04-09T09:30:00+05:30,2026-04-09T12:45:00+05:30,RSI mid-line exit,1.178617595620105,170.5,backtest,2026-06-18 15:16:30,,,,,,
50,RELIANCE,SHORT,80.93738711319675,2.74614387899506,2026-04-08T09:15:00+05:30,2026-04-08T15:15:00+05:30,EOD square-off,-0.5963918294319368,-88.0,backtest,2026-06-18 15:16:23,,,,,,
78,SBIN,SHORT,85.22127103723064,4.391468548849422,2026-04-08T09:15:00+05:30,2026-04-08T15:15:00+05:30,EOD square-off,0.4765909728062713,71.39999999999873,backtest,2026-06-18 15:16:25,,,,,,
111,TCS,SHORT,72.2260734855,4.373772993753176,2026-04-08T09:15:00+05:30,2026-04-08T15:15:00+05:30,EOD square-off,-0.6009898656610781,-76.49999999999864,backtest,2026-06-18 15:16:28,,,,,,
147,INFY,SHORT,70.98373596421952,2.6130435964798457,2026-04-08T09:15:00+05:30,2026-04-08T15:15:00+05:30,EOD square-off,-0.2530703386676659,-37.400000000001,backtest,2026-06-18 15:16:30,,,,,,
183,HDFCBANK,SHORT,81.74997046875838,5.585303768231895,2026-04-08T09:15:00+05:30,2026-04-08T15:15:00+05:30,EOD square-off,-1.48975791433892,-216.0,backtest,2026-06-18 15:16:33,,,,,,
110,TCS,SHORT,71.02327019822852,1.0406623171582108,2026-04-07T10:30:00+05:30,2026-04-07T15:15:00+05:30,EOD square-off,-1.3064085713147802,-164.0000000000009,backtest,2026-06-18 15:16:28,,,,,,
146,INFY,SHORT,71.45463862256463,1.9669040918822118,2026-04-07T11:15:00+05:30,2026-04-07T15:15:00+05:30,EOD square-off,-0.4121393780442113,-60.5,backtest,2026-06-18 15:16:30,,,,,,
49,RELIANCE,LONG,23.99437568835056,1.1573563135001577,2026-04-06T12:30:00+05:30,2026-04-06T15:15:00+05:30,EOD square-off,1.0601253578890386,150.7000000000005,backtest,2026-06-18 15:16:23,,,,,,
77,SBIN,SHORT,72.20551248088766,1.6021823719918298,2026-04-06T15:00:00+05:30,2026-04-06T15:15:00+05:30,EOD square-off,0.12564028220739873,18.199999999999363,backtest,2026-06-18 15:16:25,,,,,,
145,INFY,SHORT,74.31293826675467,2.286731919973794,2026-04-06T09:15:00+05:30,2026-04-06T15:15:00+05:30,EOD square-off,0.6234793187347966,90.2000000000005,backtest,2026-06-18 15:16:30,,,,,,
182,HDFCBANK,SHORT,73.04431595485342,2.12781381272276,2026-04-06T15:00:00+05:30,2026-04-06T15:15:00+05:30,EOD square-off,0.2006602369085466,29.450000000001296,backtest,2026-06-18 15:16:33,,,,,,
48,RELIANCE,LONG,27.387833098936582,1.5212202796252794,2026-04-06T09:30:00+05:30,2026-04-06T12:15:00+05:30,stop loss (-1.63%),-1.632498101746393,-236.5,backtest,2026-06-18 15:16:23,,,,,,
109,TCS,SHORT,71.0591752488372,1.8545130056538928,2026-04-02T13:15:00+05:30,2026-04-02T15:15:00+05:30,EOD square-off,0.012264922322166062,1.8000000000010914,backtest,2026-06-18 15:16:28,,,,,,
144,INFY,SHORT,71.05911706006638,2.0074777939296764,2026-04-02T14:00:00+05:30,2026-04-02T15:15:00+05:30,EOD square-off,-0.2317497103128621,-33.0,backtest,2026-06-18 15:16:30,,,,,,
